{"cameraMode":{"drawMode":0,"name":"Shaded","section":"Shading Mode"},"sceneLighting":true,"audioPlay":false,"sceneViewState":{"showFog":true,"showMaterialUpdate":false,"showSkybox":true,"showFlares":true,"showImageEffects":true,"showParticleSystems":true},"in2DMode":false,"pivot":{"x":0.514404296875,"y":0.4979248046875,"z":-1.966796875},"rotation":{"x":-0.2543778419494629,"y":0.07504753023386002,"z":-0.01980358175933361,"w":-0.9639858603477478},"size":2.927145004272461,"orthographic":true}